1;"瀏陽河---箏獨奏"
2;"page0"
3;"page53"
6;"sph"
7;"元件 1"
8;"元件 2"
9;"元件 3"
12;"page2"
15;"page1"
18;"page3"
21;"page4"
24;"page5"
27;"page6"
30;"page7"
33;"page8"
36;"page9"
39;"page10"
42;"page11"
45;"page12"
48;"page13"
51;"page14"
54;"page15"
57;"page16"
60;"page17"
63;"page18"
66;"page19"
69;"page20"
72;"page21"
75;"page22"
78;"page23"
81;"page24"
84;"page25"
87;"page26"
90;"page27"
93;"page28"
96;"page29"
99;"page30"
102;"page32"
105;"page33"
108;"page34"
111;"page35"
114;"page36"
117;"page37"
120;"page38"
123;"page39"
126;"page40"
129;"page41"
132;"page42"
135;"page43"
138;"page44"
141;"page45"
144;"page46"
147;"page47"
150;"page48"
153;"page49"
156;"page50"
159;"page51"
162;"page52"
165;"page31"
1;"瀏陽河---箏獨奏"
1;"瀏陽河---箏獨奏"
1;"瀏陽河---箏獨奏"
